{
  "feature_cols": [
    "list_price",
    "actual_price",
    "discount_rate",
    "monthly_sales",
    "review_count",
    "rating"
  ],
  "centers": [
    [
      -0.37164115894931893,
      -0.36827826108554157,
      0.04511763203914894,
      -0.6566218813135767,
      -0.657320832433346,
      0.0065315276072356624
    ],
    [
      2.0354733839217047,
      2.015281813896911,
      -0.24397812455536366,
      0.0013241033336282956,
      -0.020240873225272942,
      -0.0020575524191091413
    ],
    [
      -0.35911706267784577,
      -0.3551103419453092,
      0.042260344783879786,
      0.9007033955781586,
      0.9108718438734202,
      -0.008086417329093902
    ]
  ],
  "k": 3
}